User ID,Post ID,Emotion Type,Timestamp
6557ab7288a80cd097ca94a6,6557abb488a80cd097ca94cf,3,Sat Nov 18 2023 01:06:44 GMT+0700 (Indochina Time)
6557ab7288a80cd097ca94a6,6557abce88a80cd097ca94f4,1,Sat Nov 18 2023 01:07:10 GMT+0700 (Indochina Time)
6557ab7288a80cd097ca94a6,6557ac0188a80cd097ca9516,-2,Sat Nov 18 2023 01:08:01 GMT+0700 (Indochina Time)
6557ab7288a80cd097ca94a6,6557ac2288a80cd097ca9538,3,Sat Nov 18 2023 01:08:34 GMT+0700 (Indochina Time)
6557ab7288a80cd097ca94a6,6557ac4388a80cd097ca9563,-2,Sat Nov 18 2023 01:09:07 GMT+0700 (Indochina Time)
6557ab7288a80cd097ca94a6,6557ac5588a80cd097ca957f,-1,Sat Nov 18 2023 01:09:25 GMT+0700 (Indochina Time)
5bc989c3a97b9def3d2dec8b,6fda6bcefefe3c3e24629fea,-2,Sat Nov 18 2023 07:51:08 GMT+0700 (Indochina Time)
c4de0e0fd3fdafc0eef11aaa,5bf6f4cf89a8fba466907b51,,Sat Nov 18 2023 07:51:08 GMT+0700 (Indochina Time)
c4de0e0fd3fdafc0eef11aaa,bdd2a58fd43ce1322a7aeaf2,,Sat Nov 18 2023 07:51:08 GMT+0700 (Indochina Time)
9dcdbaffdbafd4e5a9027fdc,fbdd9fafeafc02f6903eb7fd,1,Sat Nov 18 2023 07:51:08 GMT+0700 (Indochina Time)
5bc989c3a97b9def3d2dec8b,5bb3bfdcdf96fff9bcbece37,,Sat Nov 18 2023 07:51:08 GMT+0700 (Indochina Time)
623fe2d310f8c49abcdbf8e9,adaf893326ec06ec7ef1da4c,-1,Sat Nov 18 2023 07:51:08 GMT+0700 (Indochina Time)
38ddff3855ddaefea3ff89ef,ccfefec2104c7ecaabacbd1d,3,Sat Nov 18 2023 07:51:08 GMT+0700 (Indochina Time)
5bc989c3a97b9def3d2dec8b,de9d8a691b3e9be2bedc086d,,Sat Nov 18 2023 07:51:08 GMT+0700 (Indochina Time)
12beffa170212aa1dda334d8,fc2be3f19f575815bc00ba9a,,Sat Nov 18 2023 07:51:08 GMT+0700 (Indochina Time)
36b8dc20d4dfbeac44f1aad0,57fade5ffffca66d995a7b68,,Sat Nov 18 2023 07:51:08 GMT+0700 (Indochina Time)
bccb7764afe5cefef4dcf5ff,561ac7b1bea50ebcafe77c9b,-2,Sat Nov 18 2023 07:51:08 GMT+0700 (Indochina Time)
af8abad9fefbbbce5eac98e7,c127aaa7fc047f830d7fa46c,,Sat Nov 18 2023 07:51:08 GMT+0700 (Indochina Time)
3601cd7e0e63f42effecfa3c,cc34ee0f7a7aab710d6faba7,,Sat Nov 18 2023 07:51:08 GMT+0700 (Indochina Time)
bccb7764afe5cefef4dcf5ff,d0683e5ce3ffad7a0e310d2d,,Sat Nov 18 2023 07:51:08 GMT+0700 (Indochina Time)
4acbdad8898e4cfa19e3cefd,ac9dd982e980c0dc4ae4cba3,,Sat Nov 18 2023 07:51:08 GMT+0700 (Indochina Time)
a906def5a9bce0d3d3508d8f,ac413bcbda3c7e25d9c0f4ad,,Sat Nov 18 2023 07:51:08 GMT+0700 (Indochina Time)
4a33777be6ce9fcf6bcafcfe,dedca1c6e16be23eb8f0f8de,3,Sat Nov 18 2023 07:51:08 GMT+0700 (Indochina Time)
6bcb37ff6c65c1d9f5e3c082,d52e7c07a2a59a9a5ae3fade,,Sat Nov 18 2023 07:51:08 GMT+0700 (Indochina Time)
ae0e43af6dfb06ac2ea1e4c1,a47154a0e6c6dee3cd52abfe,,Sat Nov 18 2023 07:51:08 GMT+0700 (Indochina Time)
ab0cfaab58e8c00e4d5fe0a2,5ad9addef8d1fdb6ecabea8f,-1,Sat Nov 18 2023 07:51:08 GMT+0700 (Indochina Time)
6113dc5b0a70101dbac8de44,ceca84cfc0cd43c26f368efa,,Sat Nov 18 2023 07:51:08 GMT+0700 (Indochina Time)
ab5da1cafd5c95ec6f8738ff,b9f4ec7e29d2051bdddc6e38,2,Sat Nov 18 2023 07:51:08 GMT+0700 (Indochina Time)
8fae7ef2f1aefed1dbedaf3c,bd7deb078f586ccfb03df62c,,Sat Nov 18 2023 07:51:08 GMT+0700 (Indochina Time)
cf0cdc3580edddbccbdfcefd,f25fdb5a2f9f29ba21ddcdfc,,Sat Nov 18 2023 07:51:08 GMT+0700 (Indochina Time)
12beffa170212aa1dda334d8,b4bee88f63f00d6eefac2e3d,,Sat Nov 18 2023 07:51:08 GMT+0700 (Indochina Time)
ab0cfaab58e8c00e4d5fe0a2,bcb40f546b67851bb2e51db0,3,Sat Nov 18 2023 07:51:08 GMT+0700 (Indochina Time)
9f25cfc1fe81c2d883d66b40,54ca7ddb1df1b1b12c162582,1,Sat Nov 18 2023 07:51:08 GMT+0700 (Indochina Time)
c4ae73e6dea2ca28cafe39de,c2e9fbb7beda53bd3fcc3ebf,,Sat Nov 18 2023 07:51:08 GMT+0700 (Indochina Time)
d065fca6dc0e9e3c21bc024d,ffb9ace849cee5ebc52f11ca,,Sat Nov 18 2023 07:51:08 GMT+0700 (Indochina Time)
fce7fb3efbfd329f79e2a47e,6bb5c4cd14abac3bb1b43f67,3,Sat Nov 18 2023 07:51:08 GMT+0700 (Indochina Time)
b47eebf7b5a696a7c7fb5d34,aee375b57893d4ceaee6143f,1,Sat Nov 18 2023 07:51:08 GMT+0700 (Indochina Time)
5cb1a5cb7d7d556080dfaaa8,5bcf1b64d98bedb799e0e2b0,-1,Sat Nov 18 2023 07:51:08 GMT+0700 (Indochina Time)
e9ede3cb7c78dd448f61fba4,dfbcb6bfecb3dd2acebb7afd,-1,Sat Nov 18 2023 07:51:08 GMT+0700 (Indochina Time)
6bcb37ff6c65c1d9f5e3c082,acb3ba6ad4aaf00a0a01c628,-1,Sat Nov 18 2023 07:51:08 GMT+0700 (Indochina Time)
fee51da98082a5fa647efb10,4e7bc7d3baccdd1db5ca6d3c,2,Sat Nov 18 2023 07:51:08 GMT+0700 (Indochina Time)
fce7fb3efbfd329f79e2a47e,190be8bacedd5ba555e07b8a,,Sat Nov 18 2023 07:51:08 GMT+0700 (Indochina Time)
9f4fbe9607defa9d6dbd479c,c95365cfe101cf792cf4d115,,Sat Nov 18 2023 07:51:08 GMT+0700 (Indochina Time)
cd994cdaf4c21e29cdccae7a,d33c3d460e2f4a1ab16f936f,,Sat Nov 18 2023 07:51:08 GMT+0700 (Indochina Time)
af8abad9fefbbbce5eac98e7,5be78757af2b9ddd36dda1d1,,Sat Nov 18 2023 07:51:08 GMT+0700 (Indochina Time)
4a33777be6ce9fcf6bcafcfe,ecebe18e5fa31d22b7b7c8c6,,Sat Nov 18 2023 07:51:08 GMT+0700 (Indochina Time)
77d8c07eae82203abdcb3dc9,e7bbac779bed32bbefd5daf7,,Sat Nov 18 2023 07:51:08 GMT+0700 (Indochina Time)
ab0cfaab58e8c00e4d5fe0a2,dd413dd8cd726a8db16a1b8b,,Sat Nov 18 2023 07:51:08 GMT+0700 (Indochina Time)
defeaacbe1b24fa0aa4f24dd,caabafecccc51f5a5b849d0d,,Sat Nov 18 2023 07:51:08 GMT+0700 (Indochina Time)
d1f6de6fbd5fcbfbc8d54547,dcdc2e83de92fed99abdbcec,,Sat Nov 18 2023 07:51:08 GMT+0700 (Indochina Time)
ae0e43af6dfb06ac2ea1e4c1,b5c37f5fbb5d4aed2a5d3bae,3,Sat Nov 18 2023 07:51:08 GMT+0700 (Indochina Time)
06f4858f220bdfacddcba4eb,f6f3ec1684f16363b5dc35eb,,Sat Nov 18 2023 07:51:08 GMT+0700 (Indochina Time)
4a33777be6ce9fcf6bcafcfe,196aad73fd2ad913f88ea040,3,Sat Nov 18 2023 07:51:08 GMT+0700 (Indochina Time)
7dc61ec5e32b68f9addc93fd,f3e2aec3fc9acba600e8a64a,,Sat Nov 18 2023 07:51:08 GMT+0700 (Indochina Time)
5bc989c3a97b9def3d2dec8b,eb6d27767a0711afc9530ae1,,Sat Nov 18 2023 07:51:08 GMT+0700 (Indochina Time)
b7e36182cd551f9f93479d69,75b6f58de12e714c9ac1a36c,,Sat Nov 18 2023 07:51:08 GMT+0700 (Indochina Time)
6557ab7288a80cd097ca94a6,cddaa36d1e66596dbe13e504,-1,Sat Nov 18 2023 07:51:08 GMT+0700 (Indochina Time)
e7a0e7ee48e3db13ad8a976b,5dc4bdbeeba286c8d70be5aa,-2,Sat Nov 18 2023 07:51:08 GMT+0700 (Indochina Time)
b7e36182cd551f9f93479d69,ddff79923ddc2c6ad5b4d3fb,,Sat Nov 18 2023 07:51:08 GMT+0700 (Indochina Time)
1fbd014377d9bfbb2326b2a6,e3f630d4701bf1cacfc9522a,,Sat Nov 18 2023 07:51:08 GMT+0700 (Indochina Time)
c4ae73e6dea2ca28cafe39de,9af4a66eb6d94ae62cbdb9fd,,Sat Nov 18 2023 07:51:08 GMT+0700 (Indochina Time)
fce7fb3efbfd329f79e2a47e,a5bc9ec8d0a04bd54e08ae82,,Sat Nov 18 2023 07:51:08 GMT+0700 (Indochina Time)
ae0e43af6dfb06ac2ea1e4c1,bb479ae4c3bdecee1ffbbc6c,1,Sat Nov 18 2023 07:51:08 GMT+0700 (Indochina Time)
cfbe1a0bbe053acd70ed9bce,273f1a8a8cdfcbb1c7a44c7e,1,Sat Nov 18 2023 07:51:08 GMT+0700 (Indochina Time)
7dc61ec5e32b68f9addc93fd,faddbe18bcbce827f53d9fae,,Sat Nov 18 2023 07:51:08 GMT+0700 (Indochina Time)
6bcb37ff6c65c1d9f5e3c082,91bb2fc24e9bdf392cda2ddd,,Sat Nov 18 2023 07:51:08 GMT+0700 (Indochina Time)
b7e36182cd551f9f93479d69,0edb5a9be5dc5e71dbabfba6,2,Sat Nov 18 2023 07:51:08 GMT+0700 (Indochina Time)
ca600f19b24098fc7284acb1,8a78486db41a7e0e8defb2c1,,Sat Nov 18 2023 07:51:08 GMT+0700 (Indochina Time)
4acbdad8898e4cfa19e3cefd,af8c36a2d2757ecbd3ba6dee,3,Sat Nov 18 2023 07:51:08 GMT+0700 (Indochina Time)
cb9ae0e2b82fb107f65c6552,f69c352d54fd6abd05a9fe67,2,Sat Nov 18 2023 07:51:08 GMT+0700 (Indochina Time)
e9ede3cb7c78dd448f61fba4,e6eb90555a3c5ff6b5bde6df,-1,Sat Nov 18 2023 07:51:08 GMT+0700 (Indochina Time)
b7e36182cd551f9f93479d69,6facfaeef51dc2e9cb39ecd3,,Sat Nov 18 2023 07:51:08 GMT+0700 (Indochina Time)
56edd7844b5ede1a8dd9d9de,2bbdbd0256d426daf31db0d8,,Sat Nov 18 2023 07:51:08 GMT+0700 (Indochina Time)
d065fca6dc0e9e3c21bc024d,ea1bbdf19e9e9b0dddb1d2e9,-2,Sat Nov 18 2023 07:51:08 GMT+0700 (Indochina Time)
3601cd7e0e63f42effecfa3c,0b62c792cde6c3c21027fe60,3,Sat Nov 18 2023 07:51:08 GMT+0700 (Indochina Time)
4acbdad8898e4cfa19e3cefd,6b35c91f8f5a1dda5de9dd55,,Sat Nov 18 2023 07:51:08 GMT+0700 (Indochina Time)
e0ba03eef7ff1cb09dae1af6,aefc0af4feafbac0a6dff757,,Sat Nov 18 2023 07:51:08 GMT+0700 (Indochina Time)
cca6bfa4b0c5fb374f3641fa,bb829f02a38fcdb1fbadcce9,,Sat Nov 18 2023 07:51:08 GMT+0700 (Indochina Time)
06f4858f220bdfacddcba4eb,f7fa639a056cfff2294513bc,3,Sat Nov 18 2023 07:51:08 GMT+0700 (Indochina Time)
4acbdad8898e4cfa19e3cefd,66eaf46fea422ceb20be4ee1,,Sat Nov 18 2023 07:51:08 GMT+0700 (Indochina Time)
8df9b5eef9a4a9d0b7343744,c82df4efcf22204ee7fdc70a,-2,Sat Nov 18 2023 07:51:08 GMT+0700 (Indochina Time)
600cc4b0ba490a8fe6350f82,8a3ceea36db9eefcafd2b51b,,Sat Nov 18 2023 07:51:08 GMT+0700 (Indochina Time)
1e0adba8a1e9e5aa10c3baed,dd4c0a60caafa3adf9ea547b,1,Sat Nov 18 2023 07:51:08 GMT+0700 (Indochina Time)
623fe2d310f8c49abcdbf8e9,c0beb490c3a1a7fe8c90cee2,-2,Sat Nov 18 2023 07:51:08 GMT+0700 (Indochina Time)
4f2ae8c2fbff6017bcd28afb,44ecafd9b9afbc5ef38891a4,,Sat Nov 18 2023 07:51:08 GMT+0700 (Indochina Time)
6bcb37ff6c65c1d9f5e3c082,fa296b56fefb4135a1f6ee15,,Sat Nov 18 2023 07:51:08 GMT+0700 (Indochina Time)
fce7fb3efbfd329f79e2a47e,7019acdb84df847cef421c46,2,Sat Nov 18 2023 07:51:08 GMT+0700 (Indochina Time)
23ecdc8ae0de071cdf33a75b,dcffdb42debcb06ef5ecf50e,3,Sat Nov 18 2023 07:51:08 GMT+0700 (Indochina Time)
fee51da98082a5fa647efb10,0643a462f04a892de9915c8f,,Sat Nov 18 2023 07:51:08 GMT+0700 (Indochina Time)
4f2ae8c2fbff6017bcd28afb,697efb6aeb9ac4acd50367a8,,Sat Nov 18 2023 07:51:08 GMT+0700 (Indochina Time)
e0ba03eef7ff1cb09dae1af6,a335a0fc5f257aace7e06f1b,,Sat Nov 18 2023 07:51:08 GMT+0700 (Indochina Time)
d065fca6dc0e9e3c21bc024d,9d899adbcda8eabfccddcd1b,3,Sat Nov 18 2023 07:51:08 GMT+0700 (Indochina Time)
fce7fb3efbfd329f79e2a47e,ccb4728a193dcb6cd26e7bbd,2,Sat Nov 18 2023 07:51:08 GMT+0700 (Indochina Time)
e11d9d823acde0eaee696411,c4cd51cbe1fd6faffa5ebbcf,,Sat Nov 18 2023 07:51:08 GMT+0700 (Indochina Time)
12beffa170212aa1dda334d8,d15d82c86c5d257bcdfbf77e,2,Sat Nov 18 2023 07:51:08 GMT+0700 (Indochina Time)
e9ede3cb7c78dd448f61fba4,bd7cb568c80ea751cd31caed,,Sat Nov 18 2023 07:51:08 GMT+0700 (Indochina Time)
7dc61ec5e32b68f9addc93fd,dbfe2bc52005f9dbbcfe6d7a,-1,Sat Nov 18 2023 07:51:08 GMT+0700 (Indochina Time)
4acbdad8898e4cfa19e3cefd,43eafc97e921c2efd3caf9fa,,Sat Nov 18 2023 07:51:08 GMT+0700 (Indochina Time)
b3daceedcf9ad6fba076a0db,5a1fff2c0ffbdaa0c9204b7a,,Sat Nov 18 2023 07:51:08 GMT+0700 (Indochina Time)
4cac54a93cf446bd6f2edfa6,dfaaabd53baaf2bedf61d8eb,1,Sat Nov 18 2023 07:51:08 GMT+0700 (Indochina Time)
36b8dc20d4dfbeac44f1aad0,0b9a6e76262f7c07bde894fe,,Sat Nov 18 2023 07:51:08 GMT+0700 (Indochina Time)
4cac54a93cf446bd6f2edfa6,eb54fbfa5beb4a4decb7a4ef,,Sat Nov 18 2023 07:51:08 GMT+0700 (Indochina Time)
f307f5e5e1e5efecdf7d6bce,dcabc4ccd55fc351c2ee0b9f,,Sat Nov 18 2023 07:51:08 GMT+0700 (Indochina Time)
dd42dee2c7b4e7e18bcdafae,eed7ea332ae3fe1d118c2cba,-2,Sat Nov 18 2023 07:51:08 GMT+0700 (Indochina Time)
a37d9fc3bcc0eb30a56ae9f0,fa3fb3dd47ddda1e38e72af5,,Sat Nov 18 2023 07:51:08 GMT+0700 (Indochina Time)
3601cd7e0e63f42effecfa3c,24fb1e8be1a5ea14bf3dfd5b,,Sat Nov 18 2023 07:51:08 GMT+0700 (Indochina Time)
dbe3a751d49b8fbdd7233cd9,3df2d17343b8539bf32f0db5,,Sat Nov 18 2023 07:51:08 GMT+0700 (Indochina Time)
3fff4fe7ef2df9a282dc9b07,ede6ff81472c0eaa46d2e2d4,,Sat Nov 18 2023 07:51:08 GMT+0700 (Indochina Time)
600cc4b0ba490a8fe6350f82,f2eea7cdf87c45baf2c0db83,,Sat Nov 18 2023 07:51:08 GMT+0700 (Indochina Time)
7dc61ec5e32b68f9addc93fd,e77faedd8e47aae82aa349cf,2,Sat Nov 18 2023 07:51:08 GMT+0700 (Indochina Time)
1e0adba8a1e9e5aa10c3baed,fee9dcfb0a15f8da7cc1dcf8,-2,Sat Nov 18 2023 07:51:08 GMT+0700 (Indochina Time)
cf0cdc3580edddbccbdfcefd,36bccf5fa6d21366e81efdee,,Sat Nov 18 2023 07:51:08 GMT+0700 (Indochina Time)
df229bbd5215c10a9fb9f523,6e1f74e2a7dc2b5bde0d45bc,,Sat Nov 18 2023 07:51:08 GMT+0700 (Indochina Time)
ddf02b4e8b033bc080641a1a,9fb1fa148a83bbd1069710fd,1,Sat Nov 18 2023 07:51:08 GMT+0700 (Indochina Time)
4f2ae8c2fbff6017bcd28afb,77efc9cdfbff0e01b9c1c080,,Sat Nov 18 2023 07:51:08 GMT+0700 (Indochina Time)
d73edbbaccbc1a85be7bc4ae,7f71dd76dfdedd0db3df9695,2,Sat Nov 18 2023 07:51:08 GMT+0700 (Indochina Time)
1fbd014377d9bfbb2326b2a6,4be2af27af05970a16fd7bfe,,Sat Nov 18 2023 07:51:08 GMT+0700 (Indochina Time)
6113dc5b0a70101dbac8de44,92ab0cd8db19bdcb66aa3b9d,,Sat Nov 18 2023 07:51:08 GMT+0700 (Indochina Time)
5cb1a5cb7d7d556080dfaaa8,a3bf5f1e9c50982dfeeefc4d,,Sat Nov 18 2023 07:51:08 GMT+0700 (Indochina Time)
4a33777be6ce9fcf6bcafcfe,6ebc8b3db5dcdfb351aa20d7,-2,Sat Nov 18 2023 07:51:08 GMT+0700 (Indochina Time)
bc6f0ca2e4ac5c96fe243aae,cb17880f8dafb0a022cb2b94,3,Sat Nov 18 2023 07:51:08 GMT+0700 (Indochina Time)
9f4fbe9607defa9d6dbd479c,711d1cdbfd82ddd264a2bcb8,2,Sat Nov 18 2023 07:51:08 GMT+0700 (Indochina Time)
c7a4f4feaead3dc3d33cb6d6,7d4e0caa81fded269848dcca,,Sat Nov 18 2023 07:51:08 GMT+0700 (Indochina Time)
cfbe1a0bbe053acd70ed9bce,eb28bb2d2e14e4bdc349501f,,Sat Nov 18 2023 07:51:08 GMT+0700 (Indochina Time)
e0ba03eef7ff1cb09dae1af6,1e039ff1d4ddbe2082e9eaa0,,Sat Nov 18 2023 07:51:08 GMT+0700 (Indochina Time)
b7e36182cd551f9f93479d69,9dc56e5136048227cabb500a,,Sat Nov 18 2023 07:51:08 GMT+0700 (Indochina Time)
4cac54a93cf446bd6f2edfa6,e847d117c0fdeaec564cbfca,,Sat Nov 18 2023 07:51:08 GMT+0700 (Indochina Time)
df229bbd5215c10a9fb9f523,adb5c9acac18beac63fd5efa,-2,Sat Nov 18 2023 07:51:08 GMT+0700 (Indochina Time)
6335cfe3ad9dc7029e6a0bd0,25c3e1307cd8bc5bdb7fc944,,Sat Nov 18 2023 07:51:08 GMT+0700 (Indochina Time)
e0ba03eef7ff1cb09dae1af6,c48ded2de5ae702bad62bfdb,3,Sat Nov 18 2023 07:51:08 GMT+0700 (Indochina Time)
ab5da1cafd5c95ec6f8738ff,d24ba8bed2fbc83457c8f76d,,Sat Nov 18 2023 07:51:08 GMT+0700 (Indochina Time)
d7cb1b8adef944b62aaee5e6,e3c9af028b5cefeeccd811ab,,Sat Nov 18 2023 07:51:08 GMT+0700 (Indochina Time)
f7f0213c6ec5bdb11c0f84d0,9daceee5e32cdccf7cda9c0c,,Sat Nov 18 2023 07:51:08 GMT+0700 (Indochina Time)
8df9b5eef9a4a9d0b7343744,aec8fb09ef3e5d7bb1cf3564,,Sat Nov 18 2023 07:51:08 GMT+0700 (Indochina Time)
b044bae7e38fcfdddbed2b33,7db601face55d61aced51afe,,Sat Nov 18 2023 07:51:08 GMT+0700 (Indochina Time)
c238c85cfe2cdb366c4134aa,e34c9dfddbdb68b37b5f7d6d,,Sat Nov 18 2023 07:51:08 GMT+0700 (Indochina Time)
ddf02b4e8b033bc080641a1a,61a02bceb84bd3fd0ffc96fd,,Sat Nov 18 2023 07:51:08 GMT+0700 (Indochina Time)
cf0cdc3580edddbccbdfcefd,ded27af1e58aaeebefee92fa,,Sat Nov 18 2023 07:51:08 GMT+0700 (Indochina Time)
d161bdedc98f56cfbea9f0b5,b9dfc2be2e54bd199ff9fbd7,,Sat Nov 18 2023 07:51:08 GMT+0700 (Indochina Time)
06f4858f220bdfacddcba4eb,cbca69dbe671ca97febccc63,,Sat Nov 18 2023 07:51:08 GMT+0700 (Indochina Time)
39502eba1c39faac389b18eb,248f4fdb37fffedaeb2e8dce,,Sat Nov 18 2023 07:51:08 GMT+0700 (Indochina Time)
e40af0cdaebcda555ab2bfd3,5dd48dd4fdf262fe4b2a03cb,1,Sat Nov 18 2023 07:51:08 GMT+0700 (Indochina Time)
4f2ae8c2fbff6017bcd28afb,efcfb07d0b3bdbaa4acea164,,Sat Nov 18 2023 07:51:08 GMT+0700 (Indochina Time)
49c0812c886a9b02ddaa54bd,b403ec0da0f4fb83289f91bc,2,Sat Nov 18 2023 07:51:08 GMT+0700 (Indochina Time)
9dcdbaffdbafd4e5a9027fdc,ec0f34a6ed4db89df082dca2,,Sat Nov 18 2023 07:51:08 GMT+0700 (Indochina Time)
bc6f0ca2e4ac5c96fe243aae,afd5208d19a0d7b7f1eae719,,Sat Nov 18 2023 07:51:08 GMT+0700 (Indochina Time)
9f4fbe9607defa9d6dbd479c,ab7f9cfb0b0ec7f22ad02edf,,Sat Nov 18 2023 07:51:08 GMT+0700 (Indochina Time)
defeaacbe1b24fa0aa4f24dd,fa57ecc6bb3bf0b96b6b3bd9,,Sat Nov 18 2023 07:51:08 GMT+0700 (Indochina Time)
1eb268cc3c3e938bcab03abf,acb12c7d7a8316acd69a7fa5,,Sat Nov 18 2023 07:51:08 GMT+0700 (Indochina Time)
fce7fb3efbfd329f79e2a47e,b57ea6ba9cf3ecbb6483fdea,,Sat Nov 18 2023 07:51:08 GMT+0700 (Indochina Time)
c7a4f4feaead3dc3d33cb6d6,91f7b87da07d66b8efdb4f3c,,Sat Nov 18 2023 07:51:08 GMT+0700 (Indochina Time)
ab0cfaab58e8c00e4d5fe0a2,b363beac10660be7a6efc00b,-1,Sat Nov 18 2023 07:51:08 GMT+0700 (Indochina Time)
1eb268cc3c3e938bcab03abf,c8267e1f7b5c4cbedbb3eda8,,Sat Nov 18 2023 07:51:08 GMT+0700 (Indochina Time)
c7a4f4feaead3dc3d33cb6d6,884b688ececaeabd900c4f9d,,Sat Nov 18 2023 07:51:08 GMT+0700 (Indochina Time)
eefbea1d9b95560bb27f1c32,9cdaebed8afea4cea3e46aee,3,Sat Nov 18 2023 07:51:08 GMT+0700 (Indochina Time)
56edd7844b5ede1a8dd9d9de,a56788be141666b0e4263c7e,,Sat Nov 18 2023 07:51:08 GMT+0700 (Indochina Time)
af8abad9fefbbbce5eac98e7,b8edbaf7dfbfcde1e2310a02,,Sat Nov 18 2023 07:51:08 GMT+0700 (Indochina Time)
e40af0cdaebcda555ab2bfd3,fb688bd45e4292ec31a4b5b9,-1,Sat Nov 18 2023 07:51:08 GMT+0700 (Indochina Time)
defeaacbe1b24fa0aa4f24dd,a4cfcc6c7d8ada314e2fd5a4,-1,Sat Nov 18 2023 07:51:08 GMT+0700 (Indochina Time)
eefbea1d9b95560bb27f1c32,b46dbd1aafa278eabbea0bdf,-2,Sat Nov 18 2023 07:51:08 GMT+0700 (Indochina Time)
36b8dc20d4dfbeac44f1aad0,e44b8f51a5ad2ef84ac4e5d8,-2,Sat Nov 18 2023 07:51:08 GMT+0700 (Indochina Time)
02d8f90b1de1982a6433fe16,a2481990653c63eb6d5cfee6,,Sat Nov 18 2023 07:51:08 GMT+0700 (Indochina Time)
aa983f61eefdebee0ff80dbe,b867eefdbe3c6cfe6da1f154,,Sat Nov 18 2023 07:51:08 GMT+0700 (Indochina Time)
4acbdad8898e4cfa19e3cefd,1aec0efe1cdf0837730b75bd,,Sat Nov 18 2023 07:51:08 GMT+0700 (Indochina Time)
f307f5e5e1e5efecdf7d6bce,f2bca090f5f3c3e670b65c6c,,Sat Nov 18 2023 07:51:08 GMT+0700 (Indochina Time)
fa8534ca7984f99e604de4bb,fa8501abceadca0ac98cd1ff,,Sat Nov 18 2023 07:51:08 GMT+0700 (Indochina Time)
af8abad9fefbbbce5eac98e7,89b0f2aafff41d60028adcaa,,Sat Nov 18 2023 07:51:08 GMT+0700 (Indochina Time)
ca08d42bb7bfacad912eda57,04eebb539e4fa7de3b9edb75,,Sat Nov 18 2023 07:51:08 GMT+0700 (Indochina Time)
12beffa170212aa1dda334d8,16b0eecca1c1aa7beba58ebb,,Sat Nov 18 2023 07:51:08 GMT+0700 (Indochina Time)
23ecdc8ae0de071cdf33a75b,d4961ebcabd5facb6f8fb072,,Sat Nov 18 2023 07:51:08 GMT+0700 (Indochina Time)
ca600f19b24098fc7284acb1,e1e6f746efde090bdaa3bb8b,1,Sat Nov 18 2023 07:51:08 GMT+0700 (Indochina Time)
b3daceedcf9ad6fba076a0db,27a12eefb0e08f1ca700dbb8,3,Sat Nov 18 2023 07:51:08 GMT+0700 (Indochina Time)
e7a0e7ee48e3db13ad8a976b,a8c342fc4e15ebc3b64c647b,-2,Sat Nov 18 2023 07:51:08 GMT+0700 (Indochina Time)
a906def5a9bce0d3d3508d8f,d9f27dce6fb00656dea4f2a6,,Sat Nov 18 2023 07:51:08 GMT+0700 (Indochina Time)
dbe3a751d49b8fbdd7233cd9,f65e2d9cedce35afe1d649f1,,Sat Nov 18 2023 07:51:08 GMT+0700 (Indochina Time)
b044bae7e38fcfdddbed2b33,8d2b89bffd79bcdd7a4eed7b,,Sat Nov 18 2023 07:51:08 GMT+0700 (Indochina Time)
ab5da1cafd5c95ec6f8738ff,25a9a7810fdaa8eabaaeb7ab,3,Sat Nov 18 2023 07:51:08 GMT+0700 (Indochina Time)
dbe3a751d49b8fbdd7233cd9,fc8c9d516ce14e9d9b76bbbf,3,Sat Nov 18 2023 07:51:08 GMT+0700 (Indochina Time)
ab5da1cafd5c95ec6f8738ff,f2ea865db220260ca341eca0,-2,Sat Nov 18 2023 07:51:08 GMT+0700 (Indochina Time)
1cbcea7a6db550dab1a4cfad,0ed664b56a3d73472eff18ac,,Sat Nov 18 2023 07:51:08 GMT+0700 (Indochina Time)
9f25cfc1fe81c2d883d66b40,cadbae40a859237bb094ecfe,,Sat Nov 18 2023 07:51:08 GMT+0700 (Indochina Time)
dd6ee6acf0eb96ac8bd9e40b,2dfefac6f89a857f9bfe4d19,,Sat Nov 18 2023 07:51:08 GMT+0700 (Indochina Time)
f307f5e5e1e5efecdf7d6bce,d1beca03650c18fd52ccacfe,,Sat Nov 18 2023 07:51:08 GMT+0700 (Indochina Time)
ed3eafca69ed9ded9533f0be,f22e8bdea6ea692ad60796fd,,Sat Nov 18 2023 07:51:08 GMT+0700 (Indochina Time)
a012b68854ef1c4e3b92f39e,fad3bff74a4cbd2d2dfda05c,,Sat Nov 18 2023 07:51:08 GMT+0700 (Indochina Time)
0a7fad6d1e29edae4fe20317,cbce776aad8a71ecae36f839,,Sat Nov 18 2023 07:51:08 GMT+0700 (Indochina Time)
623fe2d310f8c49abcdbf8e9,93dc0da7fa3efdae44d4d4f7,3,Sat Nov 18 2023 07:51:08 GMT+0700 (Indochina Time)
3c57d36d2aff56604c34b0c8,872ea8dcea5febc754ceceec,3,Sat Nov 18 2023 07:51:08 GMT+0700 (Indochina Time)
bcef1b3aa9df7d94e3c1bb92,faddba21f4d978abf8c9ee7a,,Sat Nov 18 2023 07:51:08 GMT+0700 (Indochina Time)
9dcdbaffdbafd4e5a9027fdc,a60ea4d2b8a3c8a68ee61bfa,,Sat Nov 18 2023 07:51:08 GMT+0700 (Indochina Time)
06f4858f220bdfacddcba4eb,a7ceef7eabedfabf4ce95ac7,,Sat Nov 18 2023 07:51:08 GMT+0700 (Indochina Time)
defeaacbe1b24fa0aa4f24dd,2698b08358de681b1b60aaab,-2,Sat Nov 18 2023 07:51:08 GMT+0700 (Indochina Time)
d065fca6dc0e9e3c21bc024d,974d94bf3ff8efbb5bcaa48e,3,Sat Nov 18 2023 07:51:08 GMT+0700 (Indochina Time)
7dc61ec5e32b68f9addc93fd,a7abe1acd37b5918381c3dbb,2,Sat Nov 18 2023 07:51:08 GMT+0700 (Indochina Time)
df229bbd5215c10a9fb9f523,d418bffe1f6e1b4728babd3f,,Sat Nov 18 2023 07:51:08 GMT+0700 (Indochina Time)
cd994cdaf4c21e29cdccae7a,bea4ae2f7deedcab7c35fd5e,,Sat Nov 18 2023 07:51:08 GMT+0700 (Indochina Time)
1eb268cc3c3e938bcab03abf,abd9feebec29c53df0e06adf,,Sat Nov 18 2023 07:51:08 GMT+0700 (Indochina Time)
2ed2af5cd9d3e5f532dd1b0a,8b73ef0d130eb4fd899a2e05,,Sat Nov 18 2023 07:51:08 GMT+0700 (Indochina Time)
49c0812c886a9b02ddaa54bd,acdba95dd87f9ef4866985eb,,Sat Nov 18 2023 07:51:08 GMT+0700 (Indochina Time)
a906def5a9bce0d3d3508d8f,ad8dc3a577f18b6dcada1cb3,,Sat Nov 18 2023 07:51:08 GMT+0700 (Indochina Time)
66fcf76a4fae8aff2cab4081,6bb79da075c96af1aeec1180,1,Sat Nov 18 2023 07:51:08 GMT+0700 (Indochina Time)
23ecdc8ae0de071cdf33a75b,b9f1ef814dc0e5760afa36a8,-1,Sat Nov 18 2023 07:51:08 GMT+0700 (Indochina Time)
ca600f19b24098fc7284acb1,513dbcb7b1ec5b10fd163d61,,Sat Nov 18 2023 07:51:08 GMT+0700 (Indochina Time)
8e8e84cdccfdc00cf9923317,3afcd4a6b1d24c013ab76bf9,,Sat Nov 18 2023 07:51:08 GMT+0700 (Indochina Time)
daeacac1ddeedf6ce968359c,0abaa8f924beaf6dbabfbe93,,Sat Nov 18 2023 07:51:08 GMT+0700 (Indochina Time)
d065fca6dc0e9e3c21bc024d,0db3fed011919bfcdd240c0a,,Sat Nov 18 2023 07:51:08 GMT+0700 (Indochina Time)
4a33777be6ce9fcf6bcafcfe,9d9feb2fa3ad05ebe7c81e9e,,Sat Nov 18 2023 07:51:26 GMT+0700 (Indochina Time)
df229bbd5215c10a9fb9f523,4aa410aa7b0d6bd7304cefd6,,Sat Nov 18 2023 07:51:26 GMT+0700 (Indochina Time)
49c0812c886a9b02ddaa54bd,4e74ed08328863efdabc00ff,3,Sat Nov 18 2023 07:51:26 GMT+0700 (Indochina Time)
7dc61ec5e32b68f9addc93fd,df69ba3f35e9febcdabece8e,3,Sat Nov 18 2023 07:51:26 GMT+0700 (Indochina Time)
0a7fad6d1e29edae4fe20317,a254d4fccbcecfdcdd0dc61f,,Sat Nov 18 2023 07:51:26 GMT+0700 (Indochina Time)
b9bbd54adabd95411b934cde,d23decfce90d98e28021f654,3,Sat Nov 18 2023 07:51:26 GMT+0700 (Indochina Time)
e9ede3cb7c78dd448f61fba4,ec16fcfaa11fe17af09ebb3c,3,Sat Nov 18 2023 07:51:26 GMT+0700 (Indochina Time)
dd42dee2c7b4e7e18bcdafae,e7faaa682c7d3aa2856a3864,,Sat Nov 18 2023 07:51:26 GMT+0700 (Indochina Time)
12beffa170212aa1dda334d8,adffe1b9bfdc200380cfd581,3,Sat Nov 18 2023 07:51:26 GMT+0700 (Indochina Time)
f307f5e5e1e5efecdf7d6bce,4bdaf566653e6da96d0db323,,Sat Nov 18 2023 07:51:26 GMT+0700 (Indochina Time)
9f25cfc1fe81c2d883d66b40,bac0d462bbd688bd7f9dd695,,Sat Nov 18 2023 07:51:26 GMT+0700 (Indochina Time)
3601cd7e0e63f42effecfa3c,bd6bd4ccf4d147659d7afd29,,Sat Nov 18 2023 07:51:26 GMT+0700 (Indochina Time)
1cbcea7a6db550dab1a4cfad,32edcbeb48cf6e302d1ddc57,,Sat Nov 18 2023 07:51:26 GMT+0700 (Indochina Time)
f307f5e5e1e5efecdf7d6bce,c04c3abe37fbcd8c01ca9c88,,Sat Nov 18 2023 07:51:26 GMT+0700 (Indochina Time)
6f8fe8ad226c1db6fa0cdb1b,97e800cd13a0e6febca5faaa,,Sat Nov 18 2023 07:51:26 GMT+0700 (Indochina Time)
ab5da1cafd5c95ec6f8738ff,0b77e1c06ad92a9c61971672,-2,Sat Nov 18 2023 07:51:26 GMT+0700 (Indochina Time)
4a33777be6ce9fcf6bcafcfe,24bde97735ad1edbcbe3fedd,,Sat Nov 18 2023 07:51:26 GMT+0700 (Indochina Time)
4a33777be6ce9fcf6bcafcfe,da7b64e42ad8034c7a95ebe3,,Sat Nov 18 2023 07:51:26 GMT+0700 (Indochina Time)
d7cb1b8adef944b62aaee5e6,eca8af53caba0dc7d4eeedcc,,Sat Nov 18 2023 07:51:26 GMT+0700 (Indochina Time)
dbe3a751d49b8fbdd7233cd9,3fcd771afbd58daf750cd45b,,Sat Nov 18 2023 07:51:26 GMT+0700 (Indochina Time)
56edd7844b5ede1a8dd9d9de,7d70a74b810eab43b7bdd22c,3,Sat Nov 18 2023 07:51:26 GMT+0700 (Indochina Time)
e11d9d823acde0eaee696411,4bdbd54e0bb92df8a4bddafa,,Sat Nov 18 2023 07:51:26 GMT+0700 (Indochina Time)
efad5ac48be5d6268ef04d7d,b23bd003abaad4efe6cbcd8b,,Sat Nov 18 2023 07:51:26 GMT+0700 (Indochina Time)
fa8534ca7984f99e604de4bb,dcc7b5a5bf6de85c81c942f1,2,Sat Nov 18 2023 07:51:26 GMT+0700 (Indochina Time)
8fae7ef2f1aefed1dbedaf3c,b3e180fbac82845b9ccf4e62,,Sat Nov 18 2023 07:51:26 GMT+0700 (Indochina Time)
e40af0cdaebcda555ab2bfd3,172c0aabf6edae6ee6eb266f,,Sat Nov 18 2023 07:51:26 GMT+0700 (Indochina Time)
3fff4fe7ef2df9a282dc9b07,097aaeddbbd1a980d6cce949,,Sat Nov 18 2023 07:51:26 GMT+0700 (Indochina Time)
b9bbd54adabd95411b934cde,95e1de84fdefda71d51815d5,,Sat Nov 18 2023 07:51:26 GMT+0700 (Indochina Time)
aaca402e80bcff6a97aabb32,62e15c360da05f1c2fc7a1bf,,Sat Nov 18 2023 07:51:26 GMT+0700 (Indochina Time)
49c0812c886a9b02ddaa54bd,e4a48cace5d444441b972e6b,-2,Sat Nov 18 2023 07:51:26 GMT+0700 (Indochina Time)
fee51da98082a5fa647efb10,e1440eb8f4f1cfeaa92f4350,2,Sat Nov 18 2023 07:51:26 GMT+0700 (Indochina Time)
77d8c07eae82203abdcb3dc9,b4b97ea38280ab8c98db0f93,,Sat Nov 18 2023 07:51:26 GMT+0700 (Indochina Time)
8e8e84cdccfdc00cf9923317,ecd8f1dccdded2dfedc6025b,,Sat Nov 18 2023 07:51:26 GMT+0700 (Indochina Time)
defeaacbe1b24fa0aa4f24dd,8624a0207ca4c6fb9b1dc5bd,,Sat Nov 18 2023 07:51:26 GMT+0700 (Indochina Time)
e04c1b4a9e40ebc82acffe6e,f4fcccdd052c5cb46d2fb52a,,Sat Nov 18 2023 07:51:26 GMT+0700 (Indochina Time)
6335cfe3ad9dc7029e6a0bd0,b6dd73fbf70cddb84aefcd6a,,Sat Nov 18 2023 07:51:26 GMT+0700 (Indochina Time)
4a33777be6ce9fcf6bcafcfe,b20feac1fba43d9d7a4e2ff2,,Sat Nov 18 2023 07:51:26 GMT+0700 (Indochina Time)
e11d9d823acde0eaee696411,d03f1c0c3ce6ca6af15f1efb,-2,Sat Nov 18 2023 07:51:26 GMT+0700 (Indochina Time)
aaca402e80bcff6a97aabb32,68bd14cf8e5d20a1c4bba405,-1,Sat Nov 18 2023 07:51:26 GMT+0700 (Indochina Time)
df229bbd5215c10a9fb9f523,1c8349253f996015de4e522e,-1,Sat Nov 18 2023 07:51:26 GMT+0700 (Indochina Time)
1eb268cc3c3e938bcab03abf,c0d410afe6706faa503e541a,-2,Sat Nov 18 2023 07:51:26 GMT+0700 (Indochina Time)
aff67b69d2baeef5ee17a66f,cf3cebd1b3b32dfcd61ebce6,,Sat Nov 18 2023 07:51:26 GMT+0700 (Indochina Time)
e5135f5fdb0d167005fcc74f,a4a5eb8cbcfa2e1c0df5ea7c,3,Sat Nov 18 2023 07:51:26 GMT+0700 (Indochina Time)
efad5ac48be5d6268ef04d7d,fb569a079e3ae66edeaac2e9,3,Sat Nov 18 2023 07:51:26 GMT+0700 (Indochina Time)
a012b68854ef1c4e3b92f39e,c4f6004b82b4c0caba0410ed,,Sat Nov 18 2023 07:51:26 GMT+0700 (Indochina Time)
caef0d0c8aa542baea57af1f,64fbeab2e9b097e45bc61fab,,Sat Nov 18 2023 07:51:26 GMT+0700 (Indochina Time)
dd6ee6acf0eb96ac8bd9e40b,1d9bf76cf56c5dbebec298cc,,Sat Nov 18 2023 07:51:26 GMT+0700 (Indochina Time)
39502eba1c39faac389b18eb,3eb5d728b1185d2b090d7dab,,Sat Nov 18 2023 07:51:26 GMT+0700 (Indochina Time)
4a33777be6ce9fcf6bcafcfe,1c03228d5a002a5dd50cbaae,,Sat Nov 18 2023 07:51:26 GMT+0700 (Indochina Time)
06f4858f220bdfacddcba4eb,e30149b69583d8df4500ba7d,,Sat Nov 18 2023 07:51:26 GMT+0700 (Indochina Time)
aaca402e80bcff6a97aabb32,07950fcc6ee3d8d74f06fd6a,-1,Sat Nov 18 2023 07:51:26 GMT+0700 (Indochina Time)
38ddff3855ddaefea3ff89ef,fa4f56bb74eabcc2134df9fc,,Sat Nov 18 2023 07:51:26 GMT+0700 (Indochina Time)
e9ede3cb7c78dd448f61fba4,ccaec5dea65821bf556dcdee,,Sat Nov 18 2023 07:51:26 GMT+0700 (Indochina Time)
fee51da98082a5fa647efb10,f18d62e9dd6e1db0adfd243b,,Sat Nov 18 2023 07:51:26 GMT+0700 (Indochina Time)
defeaacbe1b24fa0aa4f24dd,b4b70ca2dae8d20f63e54313,,Sat Nov 18 2023 07:51:26 GMT+0700 (Indochina Time)
d1f6de6fbd5fcbfbc8d54547,a6e01bdda05c830ed827cc03,3,Sat Nov 18 2023 07:51:26 GMT+0700 (Indochina Time)
6557ab7288a80cd097ca94a6,e989ff4ec70380e77b4f9a9b,,Sat Nov 18 2023 07:51:26 GMT+0700 (Indochina Time)
ca600f19b24098fc7284acb1,d580baf6d56dfecd4d4c439f,,Sat Nov 18 2023 07:51:26 GMT+0700 (Indochina Time)
aff67b69d2baeef5ee17a66f,013492bc4caedafd86ac897e,,Sat Nov 18 2023 07:51:26 GMT+0700 (Indochina Time)
b3daceedcf9ad6fba076a0db,d12d48f1beeb614ff9fd535a,,Sat Nov 18 2023 07:51:26 GMT+0700 (Indochina Time)
efad5ac48be5d6268ef04d7d,929c7e44d359011b4d1297aa,-2,Sat Nov 18 2023 07:51:26 GMT+0700 (Indochina Time)
aa983f61eefdebee0ff80dbe,af6b8bbf4beccfbee07fedc5,,Sat Nov 18 2023 07:51:26 GMT+0700 (Indochina Time)
5cb1a5cb7d7d556080dfaaa8,ad08f5ddccc8dc841e9b0f49,,Sat Nov 18 2023 07:51:26 GMT+0700 (Indochina Time)
6113dc5b0a70101dbac8de44,f0eecb6ef0db8b2c5edde173,,Sat Nov 18 2023 07:51:26 GMT+0700 (Indochina Time)
23ecdc8ae0de071cdf33a75b,caffdacae3d2e50e13a29b1d,,Sat Nov 18 2023 07:51:26 GMT+0700 (Indochina Time)
56edd7844b5ede1a8dd9d9de,5ab24b622b2aeb68bb0f29d8,3,Sat Nov 18 2023 07:51:26 GMT+0700 (Indochina Time)
c4ae73e6dea2ca28cafe39de,49ecdfab53c7b6ab38abeba4,,Sat Nov 18 2023 07:51:26 GMT+0700 (Indochina Time)
d7cb1b8adef944b62aaee5e6,11fbd34fee80b930ac7d8cd8,,Sat Nov 18 2023 07:51:26 GMT+0700 (Indochina Time)
bccb7764afe5cefef4dcf5ff,431aef5a598f37d1b616e3ce,,Sat Nov 18 2023 07:51:26 GMT+0700 (Indochina Time)
a906def5a9bce0d3d3508d8f,a76f8baf965a1a0f10d7fdae,,Sat Nov 18 2023 07:51:26 GMT+0700 (Indochina Time)
e7a0e7ee48e3db13ad8a976b,cd2c0d9275486b564689e1fb,3,Sat Nov 18 2023 07:51:26 GMT+0700 (Indochina Time)
23ecdc8ae0de071cdf33a75b,de6c0adee06b6fb892dfa3ce,,Sat Nov 18 2023 07:51:26 GMT+0700 (Indochina Time)
ca08d42bb7bfacad912eda57,ccc81c2aa6a5b514caaade98,,Sat Nov 18 2023 07:51:26 GMT+0700 (Indochina Time)
7dc61ec5e32b68f9addc93fd,5be0e0e47c31fcfd3ee8ffda,3,Sat Nov 18 2023 07:51:26 GMT+0700 (Indochina Time)
dd6ee6acf0eb96ac8bd9e40b,ceddae59ff8daea8afdbdac1,,Sat Nov 18 2023 07:51:26 GMT+0700 (Indochina Time)
45dafaa8aafbc1d748ea54a5,6fc0c9d66bb8afacafecee82,-1,Sat Nov 18 2023 07:51:26 GMT+0700 (Indochina Time)
e11d9d823acde0eaee696411,8fed991a84fc8ddb70d37b8a,,Sat Nov 18 2023 07:51:26 GMT+0700 (Indochina Time)
c238c85cfe2cdb366c4134aa,da70bfec4b5de4b7c2d352a5,3,Sat Nov 18 2023 07:51:26 GMT+0700 (Indochina Time)
5bc989c3a97b9def3d2dec8b,d7cecb76947010f53d11fd39,,Sat Nov 18 2023 07:51:26 GMT+0700 (Indochina Time)
aa983f61eefdebee0ff80dbe,cdcc902c75b48f9f0d8cfafe,,Sat Nov 18 2023 07:51:26 GMT+0700 (Indochina Time)
daeacac1ddeedf6ce968359c,77acd7e33c6c74d2b5ae6a0b,,Sat Nov 18 2023 07:51:26 GMT+0700 (Indochina Time)
c4ae73e6dea2ca28cafe39de,bcbbdd84aeff3c6c7ef781df,3,Sat Nov 18 2023 07:51:26 GMT+0700 (Indochina Time)
f7f0213c6ec5bdb11c0f84d0,c3af8daf6ac8e842fc770ed5,,Sat Nov 18 2023 07:51:26 GMT+0700 (Indochina Time)
ddf02b4e8b033bc080641a1a,26aa23062d16eddf4d5ffbae,3,Sat Nov 18 2023 07:51:26 GMT+0700 (Indochina Time)
1cbcea7a6db550dab1a4cfad,9c9d7efcf9fb8c04dd4df358,,Sat Nov 18 2023 07:51:26 GMT+0700 (Indochina Time)
0a7fad6d1e29edae4fe20317,ee514bd2ec32e31dd0b0df3e,,Sat Nov 18 2023 07:51:26 GMT+0700 (Indochina Time)
cb9ae0e2b82fb107f65c6552,9ae4eb97825ea99dbd8e3e45,1,Sat Nov 18 2023 07:51:26 GMT+0700 (Indochina Time)
af8abad9fefbbbce5eac98e7,6c4afc264d208e06c9e3c90e,,Sat Nov 18 2023 07:51:26 GMT+0700 (Indochina Time)
e7a0e7ee48e3db13ad8a976b,d0efbe7bd54bcb17789430d4,3,Sat Nov 18 2023 07:51:26 GMT+0700 (Indochina Time)
cca6bfa4b0c5fb374f3641fa,0cef2eb4e7dc934fcaf96e89,,Sat Nov 18 2023 07:51:26 GMT+0700 (Indochina Time)
8fae7ef2f1aefed1dbedaf3c,0c09dd1ac3dadc9ee950d5de,,Sat Nov 18 2023 07:51:26 GMT+0700 (Indochina Time)
623fe2d310f8c49abcdbf8e9,b11b8fd71ae57b38cacbd8e8,,Sat Nov 18 2023 07:51:26 GMT+0700 (Indochina Time)
adac9d4cfb033e9a08a84e39,ed3e42dbb7a6aad838acf3bf,-2,Sat Nov 18 2023 07:51:26 GMT+0700 (Indochina Time)
eefbea1d9b95560bb27f1c32,19bb8f054ced8f69abae2fa1,,Sat Nov 18 2023 07:51:26 GMT+0700 (Indochina Time)
e0ba03eef7ff1cb09dae1af6,541eebadc4e1b67ccaa54e75,,Sat Nov 18 2023 07:51:26 GMT+0700 (Indochina Time)
d065fca6dc0e9e3c21bc024d,9feaeef579add0aa6182ed13,-1,Sat Nov 18 2023 07:51:26 GMT+0700 (Indochina Time)
49c0812c886a9b02ddaa54bd,68889eddebf33374191ee230,,Sat Nov 18 2023 07:51:26 GMT+0700 (Indochina Time)
cd994cdaf4c21e29cdccae7a,92fe0b8a8d47b9d5deeaa9a3,,Sat Nov 18 2023 07:51:26 GMT+0700 (Indochina Time)
3c57d36d2aff56604c34b0c8,f95a2feca2a11deadfa65c77,-1,Sat Nov 18 2023 07:51:26 GMT+0700 (Indochina Time)
bcef1b3aa9df7d94e3c1bb92,dfaf03403178bc9feddba7ce,,Sat Nov 18 2023 07:51:26 GMT+0700 (Indochina Time)
e40af0cdaebcda555ab2bfd3,c2dbeba05d9f9ae5a8b3beda,,Sat Nov 18 2023 07:51:26 GMT+0700 (Indochina Time)
fce7fb3efbfd329f79e2a47e,93aedd12b5b1aec5b5caedfa,,Sat Nov 18 2023 07:51:26 GMT+0700 (Indochina Time)
77d8c07eae82203abdcb3dc9,1a56c1c0a97705dde1ede031,,Sat Nov 18 2023 07:51:26 GMT+0700 (Indochina Time)
9f4fbe9607defa9d6dbd479c,017f4bcff5489c638fd3b8c9,,Sat Nov 18 2023 07:51:26 GMT+0700 (Indochina Time)
e0ba03eef7ff1cb09dae1af6,c0cebf2cc34abed3ed03bcdd,2,Sat Nov 18 2023 07:51:26 GMT+0700 (Indochina Time)
fce7fb3efbfd329f79e2a47e,eeed4860e97376dca9c15b0b,2,Sat Nov 18 2023 07:51:26 GMT+0700 (Indochina Time)
eefbea1d9b95560bb27f1c32,5af266717a8b4c4d6d98d805,,Sat Nov 18 2023 07:51:26 GMT+0700 (Indochina Time)
ddf02b4e8b033bc080641a1a,15f710cbbd832eccc5caaccf,,Sat Nov 18 2023 07:51:26 GMT+0700 (Indochina Time)
c4ae73e6dea2ca28cafe39de,ac486e3f678345adfdde43fe,2,Sat Nov 18 2023 07:51:26 GMT+0700 (Indochina Time)
f7f0213c6ec5bdb11c0f84d0,efccfbcdaf93ef96cbb6eb0a,,Sat Nov 18 2023 07:51:26 GMT+0700 (Indochina Time)
49c0812c886a9b02ddaa54bd,72eed7c295affa808ff28fbd,,Sat Nov 18 2023 07:51:26 GMT+0700 (Indochina Time)
ab0cfaab58e8c00e4d5fe0a2,8fcfa73ea12c4b62dfbfd025,,Sat Nov 18 2023 07:51:26 GMT+0700 (Indochina Time)
bc6f0ca2e4ac5c96fe243aae,cbbe9f4de8e3ec50b96ac2ca,,Sat Nov 18 2023 07:51:26 GMT+0700 (Indochina Time)
eefbea1d9b95560bb27f1c32,bad8df205d00ad68d93c2b90,,Sat Nov 18 2023 07:51:26 GMT+0700 (Indochina Time)
fce7fb3efbfd329f79e2a47e,b8b0bbfd81a0afcaa1d0a9da,,Sat Nov 18 2023 07:51:26 GMT+0700 (Indochina Time)
ab5da1cafd5c95ec6f8738ff,aaff918c49edadf28c982a57,,Sat Nov 18 2023 07:51:26 GMT+0700 (Indochina Time)
36b8dc20d4dfbeac44f1aad0,0dea1a144cdcefe1ba1cbfee,,Sat Nov 18 2023 07:51:26 GMT+0700 (Indochina Time)
cb9ae0e2b82fb107f65c6552,e1efe7ad303e44cca6cc3d2a,1,Sat Nov 18 2023 07:51:26 GMT+0700 (Indochina Time)
ca600f19b24098fc7284acb1,ffa56e99b207a2e2dacb2d33,1,Sat Nov 18 2023 07:51:26 GMT+0700 (Indochina Time)
c4ae73e6dea2ca28cafe39de,ba1c3bddd07ac319be1260e8,,Sat Nov 18 2023 07:51:26 GMT+0700 (Indochina Time)
fa8534ca7984f99e604de4bb,fdfcbcdfb26495bd0e9c47bd,,Sat Nov 18 2023 07:51:26 GMT+0700 (Indochina Time)
3fff4fe7ef2df9a282dc9b07,fb99ad1f33bd32fda066b3d1,1,Sat Nov 18 2023 07:51:26 GMT+0700 (Indochina Time)
9f25cfc1fe81c2d883d66b40,eb02aa90eb38b7d2efffef53,3,Sat Nov 18 2023 07:51:26 GMT+0700 (Indochina Time)
b044bae7e38fcfdddbed2b33,4a0f899c118bdaf0edca3397,,Sat Nov 18 2023 07:51:26 GMT+0700 (Indochina Time)
fce7fb3efbfd329f79e2a47e,b9af4fc82de22d8bcc80ec3a,-2,Sat Nov 18 2023 07:51:26 GMT+0700 (Indochina Time)
ed3eafca69ed9ded9533f0be,cef3ff753ed0597a80eab2bd,,Sat Nov 18 2023 07:51:26 GMT+0700 (Indochina Time)
dbe3a751d49b8fbdd7233cd9,dff6f3baf9fd296fe0a6abf9,,Sat Nov 18 2023 07:51:26 GMT+0700 (Indochina Time)
cd994cdaf4c21e29cdccae7a,d6c0deef092dbfeb881e11be,,Sat Nov 18 2023 07:51:26 GMT+0700 (Indochina Time)
c238c85cfe2cdb366c4134aa,f4cacda70428a04de7cb68cd,-1,Sat Nov 18 2023 07:51:26 GMT+0700 (Indochina Time)
ca08d42bb7bfacad912eda57,7df0dcf7e4e223b98adc7c4b,,Sat Nov 18 2023 07:51:26 GMT+0700 (Indochina Time)
2ed2af5cd9d3e5f532dd1b0a,cb9ea9925f3b13354b0ddbec,,Sat Nov 18 2023 07:51:26 GMT+0700 (Indochina Time)
12beffa170212aa1dda334d8,02cea6c5fa015bfb52decbb7,,Sat Nov 18 2023 07:51:26 GMT+0700 (Indochina Time)
06f4858f220bdfacddcba4eb,be28ceefcf1ef6827ce93aa9,3,Sat Nov 18 2023 07:51:26 GMT+0700 (Indochina Time)
bccb7764afe5cefef4dcf5ff,7e0fcfdc63bc9cccdec4341d,3,Sat Nov 18 2023 07:51:26 GMT+0700 (Indochina Time)
5cb1a5cb7d7d556080dfaaa8,ef2ef5dbb56cc28e400def30,,Sat Nov 18 2023 07:51:26 GMT+0700 (Indochina Time)
2ed2af5cd9d3e5f532dd1b0a,c1f41383f8e3c697cd01f068,2,Sat Nov 18 2023 07:51:26 GMT+0700 (Indochina Time)
adac9d4cfb033e9a08a84e39,6889dda394bba1c9a7d0bed4,,Sat Nov 18 2023 07:51:26 GMT+0700 (Indochina Time)
3601cd7e0e63f42effecfa3c,febdec68d4afc700b9c2e5b4,-1,Sat Nov 18 2023 07:51:26 GMT+0700 (Indochina Time)
d7cb1b8adef944b62aaee5e6,aeffddeb8cee526cb0327cbb,2,Sat Nov 18 2023 07:51:26 GMT+0700 (Indochina Time)
39502eba1c39faac389b18eb,27ac615f02ef0d5ea753556b,-1,Sat Nov 18 2023 07:51:26 GMT+0700 (Indochina Time)
dbe3a751d49b8fbdd7233cd9,a8f6f50e9ca6a77ca30d310f,-1,Sat Nov 18 2023 07:51:26 GMT+0700 (Indochina Time)
6113dc5b0a70101dbac8de44,23b2465ceee21841a93a94da,3,Sat Nov 18 2023 07:51:26 GMT+0700 (Indochina Time)
4cac54a93cf446bd6f2edfa6,48f4acb41c9f12dee2b53df1,,Sat Nov 18 2023 07:51:26 GMT+0700 (Indochina Time)
4cac54a93cf446bd6f2edfa6,ffcc85456133ff8af9dbeebd,,Sat Nov 18 2023 07:51:26 GMT+0700 (Indochina Time)
d7cb1b8adef944b62aaee5e6,e0c8059eb4f86f8ebe91bae3,,Sat Nov 18 2023 07:51:26 GMT+0700 (Indochina Time)
df229bbd5215c10a9fb9f523,c94b9f0f8f0a7d7c07afe8ab,1,Sat Nov 18 2023 07:51:26 GMT+0700 (Indochina Time)
df229bbd5215c10a9fb9f523,fe82b7adf4e2e64e8490d17b,,Sat Nov 18 2023 07:51:26 GMT+0700 (Indochina Time)
cb9ae0e2b82fb107f65c6552,da1d1eb77c6f1ceadb6eb5ce,-1,Sat Nov 18 2023 07:51:26 GMT+0700 (Indochina Time)
b7e36182cd551f9f93479d69,59bfcaeb7f08c8f7230653e9,2,Sat Nov 18 2023 07:51:26 GMT+0700 (Indochina Time)
c7a4f4feaead3dc3d33cb6d6,61d11fcfc661adf3d9f63f09,1,Sat Nov 18 2023 07:51:26 GMT+0700 (Indochina Time)
bcef1b3aa9df7d94e3c1bb92,85480fc78cddba38a9ffc052,2,Sat Nov 18 2023 07:51:26 GMT+0700 (Indochina Time)
5cb1a5cb7d7d556080dfaaa8,7bacd9feb7f6f6ffa7ee210c,3,Sat Nov 18 2023 07:51:26 GMT+0700 (Indochina Time)
36b8dc20d4dfbeac44f1aad0,bb690e75a3ba74700a1eeabd,,Sat Nov 18 2023 07:51:26 GMT+0700 (Indochina Time)
9dcdbaffdbafd4e5a9027fdc,769cbb55fc9ac1d9a8a1f948,3,Sat Nov 18 2023 07:51:26 GMT+0700 (Indochina Time)
c238c85cfe2cdb366c4134aa,0adab2167fd0c960c2ebb14b,1,Sat Nov 18 2023 07:51:26 GMT+0700 (Indochina Time)
8fae7ef2f1aefed1dbedaf3c,986872bf6bfb9ac6c60d569c,,Sat Nov 18 2023 07:51:26 GMT+0700 (Indochina Time)
bc6f0ca2e4ac5c96fe243aae,0f485edd1d060fcc571f4eab,,Sat Nov 18 2023 07:51:26 GMT+0700 (Indochina Time)
cca6bfa4b0c5fb374f3641fa,761a906985e7e2bdd5060e4d,,Sat Nov 18 2023 07:51:26 GMT+0700 (Indochina Time)
e9ede3cb7c78dd448f61fba4,1e7386d88c2ecbbcbb6986fe,,Sat Nov 18 2023 07:51:26 GMT+0700 (Indochina Time)
23ecdc8ae0de071cdf33a75b,deef46f8df6f0cc9c1ebbea6,,Sat Nov 18 2023 07:51:26 GMT+0700 (Indochina Time)
623fe2d310f8c49abcdbf8e9,a1d80dadb4ac1d4253b76dfc,,Sat Nov 18 2023 07:51:26 GMT+0700 (Indochina Time)
0bfeefbc665caecfea122fa7,90de2f5a4daf5aa191fbf6ba,,Sat Nov 18 2023 07:51:26 GMT+0700 (Indochina Time)
c4de0e0fd3fdafc0eef11aaa,ae8ce06b15b8abae481b36fa,,Sat Nov 18 2023 07:51:26 GMT+0700 (Indochina Time)
1eb268cc3c3e938bcab03abf,24598ca6cb4ed04aee801bd5,-2,Sat Nov 18 2023 07:51:26 GMT+0700 (Indochina Time)
1cbcea7a6db550dab1a4cfad,fed834da4aabc906babcdd9f,,Sat Nov 18 2023 07:51:26 GMT+0700 (Indochina Time)
1cbcea7a6db550dab1a4cfad,afe4ee7ead9eacf7efd03a5d,,Sat Nov 18 2023 07:51:26 GMT+0700 (Indochina Time)
3fff4fe7ef2df9a282dc9b07,d3f8fcc77d2227ecde707bfa,,Sat Nov 18 2023 07:51:26 GMT+0700 (Indochina Time)
b7e36182cd551f9f93479d69,d7a6268ed935b8bbcadcd63d,,Sat Nov 18 2023 07:51:26 GMT+0700 (Indochina Time)
cb9ae0e2b82fb107f65c6552,5d5de5d90fc3b4fdfb83b4fc,,Sat Nov 18 2023 07:51:26 GMT+0700 (Indochina Time)
fa8534ca7984f99e604de4bb,03f61732b6f78fa70be65daa,,Sat Nov 18 2023 07:51:26 GMT+0700 (Indochina Time)
cf0cdc3580edddbccbdfcefd,b04a7fab7f0ce6fc796a4e45,,Sat Nov 18 2023 07:51:26 GMT+0700 (Indochina Time)
56edd7844b5ede1a8dd9d9de,399afb293ad1aaacfdca2ffe,-1,Sat Nov 18 2023 07:51:26 GMT+0700 (Indochina Time)
a906def5a9bce0d3d3508d8f,f49faebcfd0aeae5d3ef7be9,3,Sat Nov 18 2023 07:51:26 GMT+0700 (Indochina Time)
caef0d0c8aa542baea57af1f,afed10f8c3e9fa19d08b8caa,2,Sat Nov 18 2023 07:51:26 GMT+0700 (Indochina Time)
dd6ee6acf0eb96ac8bd9e40b,f998116180e73848abb7b38b,,Sat Nov 18 2023 07:51:26 GMT+0700 (Indochina Time)
4a33777be6ce9fcf6bcafcfe,cb4ccac29dd1cbd5a524ac50,,Sat Nov 18 2023 07:51:26 GMT+0700 (Indochina Time)
b3daceedcf9ad6fba076a0db,1c8eea2bddd48692fcc5ddb7,3,Sat Nov 18 2023 07:51:26 GMT+0700 (Indochina Time)
cf0cdc3580edddbccbdfcefd,fc166720539c44fad1e2b3ae,,Sat Nov 18 2023 07:51:26 GMT+0700 (Indochina Time)
e0ba03eef7ff1cb09dae1af6,a965ece47efe8dadbb2921ad,3,Sat Nov 18 2023 07:51:26 GMT+0700 (Indochina Time)
dd42dee2c7b4e7e18bcdafae,0aedcb23611a3eeefded38ed,-2,Sat Nov 18 2023 07:51:26 GMT+0700 (Indochina Time)
8df9b5eef9a4a9d0b7343744,c66feed993e1a3dbdb4c20af,-1,Sat Nov 18 2023 07:51:26 GMT+0700 (Indochina Time)
2ed2af5cd9d3e5f532dd1b0a,7f83f6b8d0bc63fb53aa7cfd,,Sat Nov 18 2023 07:51:26 GMT+0700 (Indochina Time)
5cb1a5cb7d7d556080dfaaa8,0ec2fb897ac3dbc48cc8c131,3,Sat Nov 18 2023 07:51:26 GMT+0700 (Indochina Time)
623fe2d310f8c49abcdbf8e9,1b4594fbf786b238dfd4cecc,1,Sat Nov 18 2023 07:51:26 GMT+0700 (Indochina Time)
aaca402e80bcff6a97aabb32,967f5f03ceb16ec7bb9fcb7c,,Sat Nov 18 2023 07:51:26 GMT+0700 (Indochina Time)
ab5da1cafd5c95ec6f8738ff,1abf12f4bc27fb732a6f522a,,Sat Nov 18 2023 07:51:26 GMT+0700 (Indochina Time)
b7e36182cd551f9f93479d69,7f157bebb53aa5cc9fbbdd36,,Sat Nov 18 2023 07:51:26 GMT+0700 (Indochina Time)
23ecdc8ae0de071cdf33a75b,cb7d31c3bfb1ae01aeeb607e,,Sat Nov 18 2023 07:51:26 GMT+0700 (Indochina Time)
e7a0e7ee48e3db13ad8a976b,5e5eefdf616b39ba7dff4fcf,,Sat Nov 18 2023 07:51:26 GMT+0700 (Indochina Time)
cb9ae0e2b82fb107f65c6552,efbbcbb3cdac44b0adfeae5d,-1,Sat Nov 18 2023 07:51:26 GMT+0700 (Indochina Time)
defeaacbe1b24fa0aa4f24dd,a8f82ea7cdc8f65d2cc2b7fd,2,Sat Nov 18 2023 07:51:26 GMT+0700 (Indochina Time)
0a7fad6d1e29edae4fe20317,ff586d9feb43cab7ea155def,,Sat Nov 18 2023 07:51:26 GMT+0700 (Indochina Time)
6335cfe3ad9dc7029e6a0bd0,c2ba6dca9afa0d0b84b6b645,-2,Sat Nov 18 2023 07:51:26 GMT+0700 (Indochina Time)
f7f0213c6ec5bdb11c0f84d0,15adcec8da17cd90cba6bb6b,,Sat Nov 18 2023 07:51:26 GMT+0700 (Indochina Time)
df229bbd5215c10a9fb9f523,f1c2b53fe4cac4de9915f655,,Sat Nov 18 2023 07:51:26 GMT+0700 (Indochina Time)
5cb1a5cb7d7d556080dfaaa8,c8b64939a05dc9d24bcff98e,-2,Sat Nov 18 2023 07:51:26 GMT+0700 (Indochina Time)
6f8fe8ad226c1db6fa0cdb1b,1d4b7cd443d1fdbdb12c839a,,Sat Nov 18 2023 07:51:26 GMT+0700 (Indochina Time)
cca6bfa4b0c5fb374f3641fa,724a840fa9fd8c3eae68f3e3,,Sat Nov 18 2023 07:51:26 GMT+0700 (Indochina Time)
ca600f19b24098fc7284acb1,656c44db3b5bdf24d1ee7cbb,,Sat Nov 18 2023 07:51:26 GMT+0700 (Indochina Time)
caef0d0c8aa542baea57af1f,9bc58eafddc2964fcf119dab,-2,Sat Nov 18 2023 07:51:26 GMT+0700 (Indochina Time)
